A;Z;N;Primary Decay Mode
1;0;1;B-=100
1;1;0;IS=99.9855
2;1;1;IS=0.0145
3;1;2;B-=100
4;1;3;n=100
5;1;4;2n=100
6;1;5;n(possible)0
7;1;6;2n(possible)0
3;2;1;IS=0.0002
4;2;2;IS=99.9998
5;2;3;n=100
6;2;4;B-=100
7;2;5;n=100
8;2;6;B-=100
9;2;7;n=100
10;2;8;2n=100
3;3;0;p(possible)0
4;3;1;p=100
5;3;2;p=100
6;3;3;IS=4.85
7;3;4;IS=95.15
8;3;5;B-=100
9;3;6;B-=100
10;3;7;n=100
11;3;8;B-=100
12;3;9;n(possible)0
13;3;10;2n=100
5;4;1;p(possible)0
6;4;2;2p=100
7;4;3;EC=100
8;4;4;A=100
9;4;5;IS=100
10;4;6;B-=100
11;4;7;B-=100
12;4;8;B-=100
13;4;9;n(possible)0
14;4;10;B-=100
15;4;11;n=100
16;4;12;2n=100
6;5;1;2p(possible)0
7;5;2;p=100
8;5;3;B+=100
9;5;4;p=100
10;5;5;IS=19.65
11;5;6;IS=80.35
12;5;7;B-=100
13;5;8;B-=100
14;5;9;B-=100
15;5;10;B-=100
16;5;11;n(possible)0
17;5;12;B-=100
18;5;13;n=100
19;5;14;B-=100
20;5;15;n=100
21;5;16;2n=100
8;6;2;2p=100
9;6;3;B+=100
10;6;4;B+=100
11;6;5;B+=100
12;6;6;IS=98.94
13;6;7;IS=1.06
14;6;8;B-=100
15;6;9;B-=100
16;6;10;B-=100
17;6;11;B-=100
18;6;12;B-=100
19;6;13;B-=100
20;6;14;B-=100
21;6;15;n(possible)0
22;6;16;B-=100
23;6;17;n(possible)0
10;7;3;p(possible)0
11;7;4;p=100
12;7;5;B+=100
13;7;6;B+=100
14;7;7;IS=99.6205
15;7;8;IS=0.3795
16;7;9;B-=100
17;7;10;B-=100
18;7;11;B-=100
19;7;12;B-=100
20;7;13;B-=100
21;7;14;B-=100
22;7;15;B-=100
23;7;16;B-=100
24;7;17;n(possible)0
25;7;18;n(possible)0
11;8;3;2p=100
12;8;4;2p=100
13;8;5;B+=100
14;8;6;B+=100
15;8;7;B+=100
16;8;8;IS=99.757
17;8;9;IS=0.03835
18;8;10;IS=0.2045
19;8;11;B-=100
20;8;12;B-=100
21;8;13;B-=100
22;8;14;B-=100
23;8;15;B-=100
24;8;16;B-=100
25;8;17;n=100
26;8;18;2n=100
27;8;19;n(possible)0
28;8;20;2n(possible)0
13;9;4;p(possible)0
14;9;5;p(possible)0
15;9;6;p=100
16;9;7;p=100
17;9;8;B+=100
18;9;9;B+=100
19;9;10;IS=100
20;9;11;B-=100
21;9;12;B-=100
22;9;13;B-=100
23;9;14;B-=100
24;9;15;B-=100
25;9;16;B-=100
26;9;17;B-=100
27;9;18;B-=100
28;9;19;n=100
29;9;20;B-=100
30;9;21;n(possible)0
31;9;22;B-(possible)0
15;10;5;2p=100
16;10;6;2p=100
17;10;7;B+=100
18;10;8;B+=100
19;10;9;B+=100
20;10;10;IS=90.48
21;10;11;IS=0.27
22;10;12;IS=9.25
23;10;13;B-=100
24;10;14;B-=100
25;10;15;B-=100
26;10;16;B-=100
27;10;17;B-=100
28;10;18;B-=100
29;10;19;B-=100
30;10;20;B-=100
31;10;21;B-=100
32;10;22;B-=100
33;10;23;n(possible)0
34;10;24;B-(possible)0
17;11;6;p=100
18;11;7;p(observed)0
19;11;8;p=100
20;11;9;B+=100
21;11;10;B+=100
22;11;11;B+=100
23;11;12;IS=100
24;11;13;B-=100
25;11;14;B-=100
26;11;15;B-=100
27;11;16;B-=100
28;11;17;B-=100
29;11;18;B-=100
30;11;19;B-=100
31;11;20;B-=100
32;11;21;B-=100
33;11;22;B-=100
34;11;23;B-=100
35;11;24;B-=100
36;11;25;n(possible)0
37;11;26;B-(possible)0
38;11;27;n(possible)0
39;11;28;B-(possible)0
19;12;7;2p=100
20;12;8;B+=100
21;12;9;B+=100
22;12;10;B+=100
23;12;11;B+=100
24;12;12;IS=78.965
25;12;13;IS=10.011
26;12;14;IS=11.025
27;12;15;B-=100
28;12;16;B-=100
29;12;17;B-=100
30;12;18;B-=100
31;12;19;B-=100
32;12;20;B-=100
33;12;21;B-=100
34;12;22;B-=100
35;12;23;B-=100
36;12;24;B-=100
37;12;25;B-(possible)0
38;12;26;B-=100
39;12;27;n(possible)0
40;12;28;B-(possible)0
41;12;29;B-(possible)0
21;13;8;p(possible)0
22;13;9;B+=100
23;13;10;B+=100
24;13;11;B+=100
25;13;12;B+=100
26;13;13;B+=100
27;13;14;IS=100
28;13;15;B-=100
29;13;16;B-=100
30;13;17;B-=100
31;13;18;B-=100
32;13;19;B-=100
33;13;20;B-=100
34;13;21;B-=100
35;13;22;B-=100
36;13;23;B-=100
37;13;24;B-=100
38;13;25;B-=100
39;13;26;B-=100
40;13;27;B-(possible)0
41;13;28;B-(possible)0
42;13;29;B-(possible)0
43;13;30;B-(possible)0
22;14;8;B+=100
23;14;9;B+=100
24;14;10;B+=100
25;14;11;B+=100
26;14;12;B+=100
27;14;13;B+=100
28;14;14;IS=92.2545
29;14;15;IS=4.672
30;14;16;IS=3.0735
31;14;17;B-=100
32;14;18;B-=100
33;14;19;B-=100
34;14;20;B-=100
35;14;21;B-=100
36;14;22;B-=100
37;14;23;B-=100
38;14;24;B-=100
39;14;25;B-=100
40;14;26;B-=100
41;14;27;B-=100
42;14;28;B-=100
43;14;29;B-(possible)0
44;14;30;B-(possible)0
45;14;31;B-(possible)0
24;15;9;p(possible)0
25;15;10;p(possible)0
26;15;11;B+=100
27;15;12;B+=100
28;15;13;B+=100
29;15;14;B+=100
30;15;15;B+=100
31;15;16;IS=100
32;15;17;B-=100
33;15;18;B-=100
34;15;19;B-=100
35;15;20;B-=100
36;15;21;B-=100
37;15;22;B-=100
38;15;23;B-=100
39;15;24;B-=100
40;15;25;B-=100
41;15;26;B-=100
42;15;27;B-=100
43;15;28;B-=100
44;15;29;B-=100
45;15;30;B-(possible)0
46;15;31;B-(possible)0
47;15;32;B-(possible)0
26;16;10;2p(possible)0
27;16;11;B+=100
28;16;12;B+=100
29;16;13;B+=100
30;16;14;B+=100
31;16;15;B+=100
32;16;16;IS=94.85
33;16;17;IS=0.763
34;16;18;IS=4.365
35;16;19;B-=100
36;16;20;IS=0.0158
37;16;21;B-=100
38;16;22;B-=100
39;16;23;B-=100
40;16;24;B-=100
41;16;25;B-=100
42;16;26;B-=100
43;16;27;B-=100
44;16;28;B-=100
45;16;29;B-=100
46;16;30;B-=100
47;16;31;B-(possible)0
48;16;32;B-(possible)0
49;16;33;B-(possible)0
28;17;11;p=100
29;17;12;p=100
30;17;13;p=100
31;17;14;B+=100
32;17;15;B+=100
33;17;16;B+=100
34;17;17;B+=100
35;17;18;IS=75.8
36;17;19;B-=98.1
37;17;20;IS=24.2
38;17;21;B-=100
39;17;22;B-=100
40;17;23;B-=100
41;17;24;B-=100
42;17;25;B-=100
43;17;26;B-=100
44;17;27;B-=100
45;17;28;B-=100
46;17;29;B-=100
47;17;30;B-=100
48;17;31;B-(possible)0
49;17;32;B-(possible)0
50;17;33;B-(possible)0
51;17;34;B-(possible)0
52;17;35;B-(possible)0
29;18;11;2p=100
30;18;12;2p=100
31;18;13;B+=100
32;18;14;B+=100
33;18;15;B+=100
34;18;16;B+=100
35;18;17;B+=100
36;18;18;IS=0.3336
37;18;19;EC=100
38;18;20;IS=0.0629
39;18;21;B-=100
40;18;22;IS=99.6035
41;18;23;B-=100
42;18;24;B-=100
43;18;25;B-=100
44;18;26;B-=100
45;18;27;B-=100
46;18;28;B-=100
47;18;29;B-=100
48;18;30;B-=100
49;18;31;B-=100
50;18;32;B-=100
51;18;33;B-(possible)0
52;18;34;B-(possible)0
53;18;35;B-(possible)0
54;18;36;B-(possible)0
31;19;12;3p=100
32;19;13;p(possible)0
33;19;14;p(possible)0
34;19;15;p(possible)0
35;19;16;B+=100
36;19;17;B+=100
37;19;18;B+=100
38;19;19;B+=100
39;19;20;IS=93.2581
40;19;21;IS=0.0117
41;19;22;IS=6.7302
42;19;23;B-=100
43;19;24;B-=100
44;19;25;B-=100
45;19;26;B-=100
46;19;27;B-=100
47;19;28;B-=100
48;19;29;B-=100
49;19;30;B-=100
50;19;31;B-=100
51;19;32;B-=100
52;19;33;B-=100
53;19;34;B-=100
54;19;35;B-=100
55;19;36;B-(possible)0
56;19;37;B-(possible)0
57;19;38;B-(possible)0
58;19;39;B-(possible)0
59;19;40;B-(possible)0
33;20;13;p(possible)0
34;20;14;2p(possible)0
35;20;15;B+=100
36;20;16;B+=100
37;20;17;B+=100
38;20;18;B+=100
39;20;19;B+=100
40;20;20;IS=96.941
41;20;21;EC=100
42;20;22;IS=0.647
43;20;23;IS=0.135
44;20;24;IS=2.086
45;20;25;B-=100
46;20;26;IS=0.004
47;20;27;B-=100
48;20;28;IS=0.187
49;20;29;B-=100
50;20;30;B-=100
51;20;31;B-=100
52;20;32;B-=100
53;20;33;B-=100
54;20;34;B-=100
55;20;35;B-=100
56;20;36;B-=100
57;20;37;B-(possible)0
58;20;38;B-(possible)0
59;20;39;B-(possible)0
60;20;40;B-(possible)0
61;20;41;B-(possible)0
35;21;14;p(possible)0
36;21;15;p(possible)0
37;21;16;p(possible)0
38;21;17;p(possible)0
39;21;18;p=100
40;21;19;B+=100
41;21;20;B+=100
42;21;21;B+=100
43;21;22;B+=100
44;21;23;B+=100
45;21;24;IS=100
46;21;25;B-=100
47;21;26;B-=100
48;21;27;B-=100
49;21;28;B-=100
50;21;29;B-=100
51;21;30;B-=100
52;21;31;B-=100
53;21;32;B-=100
54;21;33;B-=100
55;21;34;B-=100
56;21;35;B-=100
57;21;36;B-=100
58;21;37;B-=100
59;21;38;B-(possible)0
60;21;39;B-(possible)0
61;21;40;B-(possible)0
62;21;41;B-(possible)0
63;21;42;B-(possible)0
37;22;15;p(possible)0
38;22;16;2p(possible)0
39;22;17;B+=100
40;22;18;B+=100
41;22;19;B+=100
42;22;20;B+=100
43;22;21;B+=100
44;22;22;EC=100
45;22;23;B+=100
46;22;24;IS=8.25
47;22;25;IS=7.44
48;22;26;IS=73.72
49;22;27;IS=5.41
50;22;28;IS=5.18
51;22;29;B-=100
52;22;30;B-=100
53;22;31;B-=100
54;22;32;B-=100
55;22;33;B-=100
56;22;34;B-=100
57;22;35;B-=100
58;22;36;B-=100
59;22;37;B-=100
60;22;38;B-=100
61;22;39;B-=100
62;22;40;B-(possible)0
63;22;41;B-(possible)0
64;22;42;B-(possible)0
65;22;43;B-(possible)0
39;23;16;p(possible)0
40;23;17;p(possible)0
41;23;18;p(possible)0
42;23;19;p(possible)0
43;23;20;B+=100
44;23;21;B+=100
45;23;22;B+=100
46;23;23;B+=100
47;23;24;B+=100
48;23;25;B+=100
49;23;26;EC=100
50;23;27;IS=0.25
51;23;28;IS=99.75
52;23;29;B-=100
53;23;30;B-=100
54;23;31;B-=100
55;23;32;B-=100
56;23;33;B-=100
57;23;34;B-=100
58;23;35;B-=100
59;23;36;B-=100
60;23;37;B-=100
61;23;38;B-=100
62;23;39;B-=100
63;23;40;B-=100
64;23;41;B-=100
65;23;42;B-(possible)0
66;23;43;B-(possible)0
67;23;44;B-(possible)0
41;24;17;p(possible)0
42;24;18;B+~100
43;24;19;B+=100
44;24;20;B+=100
45;24;21;B+=100
46;24;22;B+=100
47;24;23;B+=100
48;24;24;B+=100
49;24;25;B+=100
50;24;26;IS=4.345
51;24;27;EC=100
52;24;28;IS=83.789
53;24;29;IS=9.501
54;24;30;IS=2.365
55;24;31;B-=100
56;24;32;B-=100
57;24;33;B-=100
58;24;34;B-=100
59;24;35;B-=100
60;24;36;B-=100
61;24;37;B-=100
62;24;38;B-=100
63;24;39;B-=100
64;24;40;B-=100
65;24;41;B-=100
66;24;42;B-=100
67;24;43;B-(possible)0
68;24;44;B-(possible)0
69;24;45;B-(possible)0
70;24;46;B-(possible)0
43;25;18;p(possible)0
44;25;19;p(possible)0
45;25;20;p(possible)0
46;25;21;B+=100
47;25;22;B+=100
48;25;23;B+=100
49;25;24;B+=100
50;25;25;B+=100
51;25;26;B+=100
52;25;27;B+=100
53;25;28;EC=100
54;25;29;EC=100
55;25;30;IS=100
56;25;31;B-=100
57;25;32;B-=100
58;25;33;B-=100
59;25;34;B-=100
60;25;35;B-=100
61;25;36;B-=100
62;25;37;B-=100
63;25;38;B-=100
64;25;39;B-=100
65;25;40;B-=100
66;25;41;B-=100
67;25;42;B-=100
68;25;43;B-=100
69;25;44;B-=100
70;25;45;B-=100
71;25;46;B-(possible)0
72;25;47;B-(possible)0
73;25;48;B-(possible)0
45;26;19;2p=70
46;26;20;B+=100
47;26;21;B+=100
48;26;22;B+=100
49;26;23;B+=100
50;26;24;B+=100
51;26;25;B+=100
52;26;26;B+=100
53;26;27;B+=100
54;26;28;IS=5.845
55;26;29;EC=100
56;26;30;IS=91.754
57;26;31;IS=2.119
58;26;32;IS=0.282
59;26;33;B-=100
60;26;34;B-=100
61;26;35;B-=100
62;26;36;B-=100
63;26;37;B-=100
64;26;38;B-=100
65;26;39;B-=100
66;26;40;B-=100
67;26;41;B-=100
68;26;42;B-=100
69;26;43;B-=100
70;26;44;B-=100
71;26;45;B-=100
72;26;46;B-=100
73;26;47;B-=100
74;26;48;B-=100
75;26;49;B-(possible)0
76;26;50;B-(possible)0
47;27;20;p(possible)0
48;27;21;p(possible)0
49;27;22;p(possible)0
50;27;23;B+=100
51;27;24;B+=100
52;27;25;B+=100
53;27;26;B+=100
54;27;27;B+=100
55;27;28;B+=100
56;27;29;B+=100
57;27;30;EC=100
58;27;31;B+=100
59;27;32;IS=100
60;27;33;B-=100
61;27;34;B-=100
62;27;35;B-=100
63;27;36;B-=100
64;27;37;B-=100
65;27;38;B-=100
66;27;39;B-=100
67;27;40;B-=100
68;27;41;B-=100
69;27;42;B-=100
70;27;43;B-=100
71;27;44;B-=100
72;27;45;B-=100
73;27;46;B-=100
74;27;47;B-=100
75;27;48;B-=100
76;27;49;B-=100
77;27;50;B-=100
78;27;51;B-(possible)0
48;28;20;2p=70
49;28;21;B+=100
50;28;22;B+=100
51;28;23;B+=100
52;28;24;B+=100
53;28;25;B+=100
54;28;26;B+=100
55;28;27;B+=100
56;28;28;B+=100
57;28;29;B+=100
58;28;30;IS=68.0769
59;28;31;B+=100
60;28;32;IS=26.2231
61;28;33;IS=1.1399
62;28;34;IS=3.6345
63;28;35;B-=100
64;28;36;IS=0.9256
65;28;37;B-=100
66;28;38;B-=100
67;28;39;B-=100
68;28;40;B-=100
69;28;41;B-=100
70;28;42;B-=100
71;28;43;B-=100
72;28;44;B-=100
73;28;45;B-=100
74;28;46;B-=100
75;28;47;B-=100
76;28;48;B-=100
77;28;49;B-=100
78;28;50;B-=100
79;28;51;B-=100
80;28;52;B-=100
81;28;53;B-(possible)0
82;28;54;B-(possible)0
52;29;23;p(possible)0
53;29;24;p(possible)0
54;29;25;p(possible)0
55;29;26;B+=100
56;29;27;B+=100
57;29;28;B+=100
58;29;29;B+=100
59;29;30;B+=100
60;29;31;B+=100
61;29;32;B+=100
62;29;33;B+=100
63;29;34;IS=69.15
64;29;35;B+=61.52
65;29;36;IS=30.85
66;29;37;B-=100
67;29;38;B-=100
68;29;39;B-=100
69;29;40;B-=100
70;29;41;B-=100
71;29;42;B-=100
72;29;43;B-=100
73;29;44;B-=100
74;29;45;B-=100
75;29;46;B-=100
76;29;47;B-=100
77;29;48;B-=100
78;29;49;B-=100
79;29;50;B-=100
80;29;51;B-=100
81;29;52;B-=100
82;29;53;B-=100
83;29;54;B-(possible)0
84;29;55;B-(possible)0
54;30;24;2p=87
55;30;25;B+=100
56;30;26;B+=100
57;30;27;B+=100
58;30;28;B+=100
59;30;29;B+=100
60;30;30;B+=100
61;30;31;B+=100
62;30;32;B+=100
63;30;33;B+=100
64;30;34;IS=49.17
65;30;35;B+=100
66;30;36;IS=27.73
67;30;37;IS=4.04
68;30;38;IS=18.45
69;30;39;B-=100
70;30;40;IS=0.61
71;30;41;B-=100
72;30;42;B-=100
73;30;43;B-=100
74;30;44;B-=100
75;30;45;B-=100
76;30;46;B-=100
77;30;47;B-=100
78;30;48;B-=100
79;30;49;B-=100
80;30;50;B-=100
81;30;51;B-=100
82;30;52;B-=100
83;30;53;B-=100
84;30;54;B-=100
85;30;55;B-(possible)0
86;30;56;B-(possible)0
56;31;25;p(possible)0
57;31;26;p(possible)0
58;31;27;p(possible)0
59;31;28;p(possible)0
60;31;29;B+=100
61;31;30;B+=100
62;31;31;B+=100
63;31;32;B+=100
64;31;33;B+=100
65;31;34;B+=100
66;31;35;B+=100
67;31;36;EC=100
68;31;37;B+=100
69;31;38;IS=60.108
70;31;39;B-=99.59
71;31;40;IS=39.892
72;31;41;B-=100
73;31;42;B-=100
74;31;43;B-=100
75;31;44;B-=100
76;31;45;B-=100
77;31;46;B-=100
78;31;47;B-=100
79;31;48;B-=100
80;31;49;B-=100
81;31;50;B-=100
82;31;51;B-=100
83;31;52;B-=100
84;31;53;B-=100
85;31;54;B-=100
86;31;55;B-=100
87;31;56;B-=100
88;31;57;B-(possible)0
58;32;26;2p(possible)0
59;32;27;B+~100
60;32;28;B+=100
61;32;29;B+=100
62;32;30;B+=100
63;32;31;B+=100
64;32;32;B+=100
65;32;33;B+=100
66;32;34;B+=100
67;32;35;B+=100
68;32;36;EC=100
69;32;37;B+=100
70;32;38;IS=20.52
71;32;39;EC=100
72;32;40;IS=27.45
73;32;41;IS=7.76
74;32;42;IS=36.52
75;32;43;B-=100
76;32;44;IS=7.75
77;32;45;B-=100
78;32;46;B-=100
79;32;47;B-=100
80;32;48;B-=100
81;32;49;B-=100
82;32;50;B-=100
83;32;51;B-=100
84;32;52;B-=100
85;32;53;B-=100
86;32;54;B-=100
87;32;55;B-=100
88;32;56;B-=100
89;32;57;B-(possible)0
90;32;58;B-(possible)0
60;33;27;p(possible)0
61;33;28;p(possible)0
62;33;29;p(possible)0
63;33;30;p(possible)0
64;33;31;B+=100
65;33;32;B+=100
66;33;33;B+=100
67;33;34;B+=100
68;33;35;B+=100
69;33;36;B+=100
70;33;37;B+=100
71;33;38;B+=100
72;33;39;B+=100
73;33;40;EC=100
74;33;41;B+=66
75;33;42;IS=100
76;33;43;B-=100
77;33;44;B-=100
78;33;45;B-=100
79;33;46;B-=100
80;33;47;B-=100
81;33;48;B-=100
82;33;49;B-=100
83;33;50;B-=100
84;33;51;B-=100
85;33;52;B-=100
86;33;53;B-=100
87;33;54;B-=100
88;33;55;B-=100
89;33;56;B-(possible)0
90;33;57;B-(possible)0
91;33;58;B-(possible)0
92;33;59;B-(possible)0
63;34;29;B+=100
64;34;30;B+(possible)0
65;34;31;B+=100
66;34;32;B+=100
67;34;33;B+=100
68;34;34;B+=100
69;34;35;B+=100
70;34;36;B+=100
71;34;37;B+=100
72;34;38;EC=100
73;34;39;B+=100
74;34;40;IS=0.86
75;34;41;EC=100
76;34;42;IS=9.23
77;34;43;IS=7.6
78;34;44;IS=23.69
79;34;45;B-=100
80;34;46;IS=49.8
81;34;47;B-=100
82;34;48;IS=8.82
83;34;49;B-=100
84;34;50;B-=100
85;34;51;B-=100
86;34;52;B-=100
87;34;53;B-=100
88;34;54;B-=100
89;34;55;B-=100
90;34;56;B-=100
91;34;57;B-=100
92;34;58;B-(possible)0
93;34;59;B-(possible)0
94;34;60;B-(possible)0
95;34;61;B-(possible)0
65;35;30;p(possible)0
66;35;31;p(possible)0
67;35;32;p(possible)0
68;35;33;p(possible)0
69;35;34;p=100
70;35;35;B+=100
71;35;36;B+=100
72;35;37;B+=100
73;35;38;B+=100
74;35;39;B+=100
75;35;40;B+=100
76;35;41;B+=100
77;35;42;B+=100
78;35;43;B+~100
79;35;44;IS=50.65
80;35;45;B-=91.7
81;35;46;IS=49.35
82;35;47;B-=100
83;35;48;B-=100
84;35;49;B-=100
85;35;50;B-=100
86;35;51;B-=100
87;35;52;B-=100
88;35;53;B-=100
89;35;54;B-=100
90;35;55;B-=100
91;35;56;B-=100
92;35;57;B-=100
93;35;58;B-=100
94;35;59;B-=100
95;35;60;B-(possible)0
96;35;61;B-(possible)0
97;35;62;B-(possible)0
98;35;63;B-(possible)0
67;36;31;2p=37
68;36;32;B+(observed)0
69;36;33;B+=100
70;36;34;B+=100
71;36;35;B+=100
72;36;36;B+=100
73;36;37;B+=100
74;36;38;B+=100
75;36;39;B+=100
76;36;40;B+=100
77;36;41;B+=100
78;36;42;IS=0.355
79;36;43;B+=100
80;36;44;IS=2.286
81;36;45;EC=100
82;36;46;IS=11.593
83;36;47;IS=11.5
84;36;48;IS=56.987
85;36;49;B-=100
86;36;50;IS=17.279
87;36;51;B-=100
88;36;52;B-=100
89;36;53;B-=100
90;36;54;B-=100
91;36;55;B-=100
92;36;56;B-=100
93;36;57;B-=100
94;36;58;B-=100
95;36;59;B-=100
96;36;60;B-=100
97;36;61;B-=100
98;36;62;B-=100
99;36;63;B-=100
100;36;64;B-=100
101;36;65;B-(possible)0
71;37;34;p(possible)0
72;37;35;p(possible)0
73;37;36;B+(possible)0
74;37;37;B+=100
75;37;38;B+=100
76;37;39;B+=100
77;37;40;B+=100
78;37;41;B+=100
79;37;42;B+=100
80;37;43;B+=100
81;37;44;B+=100
82;37;45;B+=100
83;37;46;EC=100
84;37;47;B+=96.1
85;37;48;IS=72.17
86;37;49;B-~100
87;37;50;IS=27.83
88;37;51;B-=100
89;37;52;B-=100
90;37;53;B-=100
91;37;54;B-=100
92;37;55;B-=100
93;37;56;B-=100
94;37;57;B-=100
95;37;58;B-=100
96;37;59;B-=100
97;37;60;B-=100
98;37;61;B-=100
99;37;62;B-=100
100;37;63;B-=100
101;37;64;B-=100
102;37;65;B-=100
103;37;66;B-=100
104;37;67;B-(possible)0
73;38;35;B+=100
74;38;36;B+=100
75;38;37;B+=100
76;38;38;B+=100
77;38;39;B+=100
78;38;40;B+=100
79;38;41;B+=100
80;38;42;B+=100
81;38;43;B+=100
82;38;44;EC=100
83;38;45;B+=100
84;38;46;IS=0.56
85;38;47;EC=100
86;38;48;IS=9.86
87;38;49;IS=7
88;38;50;IS=82.58
89;38;51;B-=100
90;38;52;B-=100
91;38;53;B-=100
92;38;54;B-=100
93;38;55;B-=100
94;38;56;B-=100
95;38;57;B-=100
96;38;58;B-=100
97;38;59;B-=100
98;38;60;B-=100
99;38;61;B-=100
100;38;62;B-=100
101;38;63;B-=100
102;38;64;B-=100
103;38;65;B-=100
104;38;66;B-=100
105;38;67;B-=100
106;38;68;B-=100
107;38;69;B-(possible)0
75;39;36;B+(possible)0
76;39;37;B+(possible)0
77;39;38;B+~100
78;39;39;B+=100
79;39;40;B+=100
80;39;41;B+=100
81;39;42;B+=100
82;39;43;B+=100
83;39;44;B+=100
84;39;45;B+=100
85;39;46;B+=100
86;39;47;B+=100
87;39;48;B+=100
88;39;49;B+=100
89;39;50;IS=100
90;39;51;B-=100
91;39;52;B-=100
92;39;53;B-=100
93;39;54;B-=100
94;39;55;B-=100
95;39;56;B-=100
96;39;57;B-=100
97;39;58;B-=100
98;39;59;B-=100
99;39;60;B-=100
100;39;61;B-=100
101;39;62;B-=100
102;39;63;B-=100
103;39;64;B-=100
104;39;65;B-=100
105;39;66;B-=100
106;39;67;B-=100
107;39;68;B-=100
108;39;69;B-=100
109;39;70;B-=100
77;40;37;B+(possible)0
78;40;38;B+(possible)0
79;40;39;B+=100
80;40;40;B+=100
81;40;41;B+=100
82;40;42;B+=100
83;40;43;B+=100
84;40;44;B+=100
85;40;45;B+=100
86;40;46;B+=100
87;40;47;B+=100
88;40;48;EC=100
89;40;49;B+=100
90;40;50;IS=51.45
91;40;51;IS=11.22
92;40;52;IS=17.15
93;40;53;B-=100
94;40;54;IS=17.38
95;40;55;B-=100
96;40;56;IS=2.8
97;40;57;B-=100
98;40;58;B-=100
99;40;59;B-=100
100;40;60;B-=100
101;40;61;B-=100
102;40;62;B-=100
103;40;63;B-=100
104;40;64;B-=100
105;40;65;B-=100
106;40;66;B-=100
107;40;67;B-=100
108;40;68;B-=100
109;40;69;B-=100
110;40;70;B-=100
111;40;71;B-=100
112;40;72;B-=100
113;40;73;B-(possible)0
79;41;38;p(possible)0
80;41;39;p(possible)0
81;41;40;p(possible)0
82;41;41;B+=100
83;41;42;B+=100
84;41;43;B+=100
85;41;44;B+=100
86;41;45;B+=100
87;41;46;B+=100
88;41;47;B+=100
89;41;48;B+=100
90;41;49;B+=100
91;41;50;EC~100
92;41;51;B+=100
93;41;52;IS=100
94;41;53;B-=100
95;41;54;B-=100
96;41;55;B-=100
97;41;56;B-=100
98;41;57;B-=100
99;41;58;B-=100
100;41;59;B-=100
101;41;60;B-=100
102;41;61;B-=100
103;41;62;B-=100
104;41;63;B-=100
105;41;64;B-=100
106;41;65;B-=100
107;41;66;B-=100
108;41;67;B-=100
109;41;68;B-=100
110;41;69;B-=100
111;41;70;B-=100
112;41;71;B-=100
113;41;72;B-=100
114;41;73;B-=100
115;41;74;B-=100
116;41;75;B-(possible)0
81;42;39;B+(possible)0
82;42;40;B+(possible)0
83;42;41;B+=100
84;42;42;B+=100
85;42;43;B+=100
86;42;44;B+=100
87;42;45;B+=100
88;42;46;B+=100
89;42;47;B+=100
90;42;48;B+=100
91;42;49;B+=100
92;42;50;IS=14.649
93;42;51;EC=100
94;42;52;IS=9.187
95;42;53;IS=15.873
96;42;54;IS=16.673
97;42;55;IS=9.582
98;42;56;IS=24.292
99;42;57;B-=100
100;42;58;IS=9.744
101;42;59;B-=100
102;42;60;B-=100
103;42;61;B-=100
104;42;62;B-=100
105;42;63;B-=100
106;42;64;B-=100
107;42;65;B-=100
108;42;66;B-=100
109;42;67;B-=100
110;42;68;B-=100
111;42;69;B-=100
112;42;70;B-=100
113;42;71;B-=100
114;42;72;B-=100
115;42;73;B-=100
116;42;74;B-=100
117;42;75;B-=100
118;42;76;B-=100
119;42;77;B-(possible)0
83;43;40;p(possible)0
84;43;41;p(possible)0
85;43;42;p(possible)0
86;43;43;B+=100
87;43;44;B+=100
88;43;45;B+=100
89;43;46;B+=100
90;43;47;B+=100
91;43;48;B+=100
92;43;49;B+=100
93;43;50;B+=100
94;43;51;B+=100
95;43;52;B+=100
96;43;53;B+=100
97;43;54;EC=100
98;43;55;B-=100
99;43;56;B-=100
100;43;57;B-~100
101;43;58;B-=100
102;43;59;B-=100
103;43;60;B-=100
104;43;61;B-=100
105;43;62;B-=100
106;43;63;B-=100
107;43;64;B-=100
108;43;65;B-=100
109;43;66;B-=100
110;43;67;B-=100
111;43;68;B-=100
112;43;69;B-=100
113;43;70;B-=100
114;43;71;B-=100
115;43;72;B-=100
116;43;73;B-=100
117;43;74;B-=100
118;43;75;B-=100
119;43;76;B-=100
120;43;77;B-=100
121;43;78;B-=100
122;43;79;B-(possible)0
85;44;41;B+(possible)0
86;44;42;B+(possible)0
87;44;43;B+(possible)0
88;44;44;B+=100
89;44;45;B+=100
90;44;46;B+=100
91;44;47;B+=100
92;44;48;B+=100
93;44;49;B+=100
94;44;50;B+=100
95;44;51;B+=100
96;44;52;IS=5.54
97;44;53;B+=100
98;44;54;IS=1.87
99;44;55;IS=12.76
100;44;56;IS=12.6
101;44;57;IS=17.06
102;44;58;IS=31.55
103;44;59;B-=100
104;44;60;IS=18.62
105;44;61;B-=100
106;44;62;B-=100
107;44;63;B-=100
108;44;64;B-=100
109;44;65;B-=100
110;44;66;B-=100
111;44;67;B-=100
112;44;68;B-=100
113;44;69;B-=100
114;44;70;B-=100
115;44;71;B-=100
116;44;72;B-=100
117;44;73;B-=100
118;44;74;B-=100
119;44;75;B-=100
120;44;76;B-=100
121;44;77;B-=100
122;44;78;B-=100
123;44;79;B-=100
124;44;80;B-=100
125;44;81;B-(possible)0
88;45;43;B+(possible)0
89;45;44;B+(possible)0
90;45;45;B+=100
91;45;46;B+=100
92;45;47;B+=100
93;45;48;B+=100
94;45;49;B+=100
95;45;50;B+=100
96;45;51;B+=100
97;45;52;B+=100
98;45;53;B+=100
99;45;54;B+=100
100;45;55;B+=100
101;45;56;EC=100
102;45;57;B+=78
103;45;58;IS=100
104;45;59;B-=99.55
105;45;60;B-=100
106;45;61;B-=100
107;45;62;B-=100
108;45;63;B-=100
109;45;64;B-=100
110;45;65;B-=100
111;45;66;B-=100
112;45;67;B-=100
113;45;68;B-=100
114;45;69;B-=100
115;45;70;B-=100
116;45;71;B-=100
117;45;72;B-=100
118;45;73;B-=100
119;45;74;B-=100
120;45;75;B-=100
121;45;76;B-=100
122;45;77;B-=100
123;45;78;B-=100
124;45;79;B-=100
125;45;80;B-=100
126;45;81;B-=100
127;45;82;B-=100
128;45;83;B-(possible)0
90;46;44;B+(possible)0
91;46;45;B+=100
92;46;46;B+=100
93;46;47;B+=100
94;46;48;B+=100
95;46;49;B+=100
96;46;50;B+=100
97;46;51;B+=100
98;46;52;B+=100
99;46;53;B+=100
100;46;54;EC=100
101;46;55;B+=100
102;46;56;IS=1.02
103;46;57;EC=100
104;46;58;IS=11.14
105;46;59;IS=22.33
106;46;60;IS=27.33
107;46;61;B-=100
108;46;62;IS=26.46
109;46;63;B-=100
110;46;64;IS=11.72
111;46;65;B-=100
112;46;66;B-=100
113;46;67;B-=100
114;46;68;B-=100
115;46;69;B-=100
116;46;70;B-=100
117;46;71;B-=100
118;46;72;B-=100
119;46;73;B-=100
120;46;74;B-=100
121;46;75;B-=100
122;46;76;B-=100
123;46;77;B-=100
124;46;78;B-=100
125;46;79;B-=100
126;46;80;B-=100
127;46;81;B-=100
128;46;82;B-=100
129;46;83;B-=100
130;46;84;B-(possible)0
131;46;85;B-(possible)0
92;47;45;B+(possible)0
93;47;46;p(observed)0
94;47;47;B+=100
95;47;48;B+=100
96;47;49;B+=100
97;47;50;B+=100
98;47;51;B+=100
99;47;52;B+=100
100;47;53;B+=100
101;47;54;B+=100
102;47;55;B+=100
103;47;56;B+=100
104;47;57;B+=100
105;47;58;B+=100
106;47;59;B+~100
107;47;60;IS=51.839
108;47;61;B-=97.15
109;47;62;IS=48.161
110;47;63;B-~100
111;47;64;B-=100
112;47;65;B-=100
113;47;66;B-=100
114;47;67;B-=100
115;47;68;B-=100
116;47;69;B-=100
117;47;70;B-=100
118;47;71;B-=100
119;47;72;B-=100
120;47;73;B-=100
121;47;74;B-=100
122;47;75;B-=100
123;47;76;B-=100
124;47;77;B-=100
125;47;78;B-=100
126;47;79;B-=100
127;47;80;B-=100
128;47;81;B-=100
129;47;82;B-=100
130;47;83;B-=100
131;47;84;B-=100
132;47;85;B-=100
133;47;86;B-(possible)0
94;48;46;B+(possible)0
95;48;47;B+=100
96;48;48;B+=100
97;48;49;B+=100
98;48;50;B+=100
99;48;51;B+=100
100;48;52;B+=100
101;48;53;B+=100
102;48;54;B+=100
103;48;55;B+=100
104;48;56;B+=100
105;48;57;B+=100
106;48;58;IS=1.245
107;48;59;B+=100
108;48;60;IS=0.888
109;48;61;EC=100
110;48;62;IS=12.47
111;48;63;IS=12.795
112;48;64;IS=24.109
113;48;65;IS=12.227
114;48;66;IS=28.754
115;48;67;B-=100
116;48;68;IS=7.512
117;48;69;B-=100
118;48;70;B-=100
119;48;71;B-=100
120;48;72;B-=100
121;48;73;B-=100
122;48;74;B-=100
123;48;75;B-=100
124;48;76;B-=100
125;48;77;B-=100
126;48;78;B-=100
127;48;79;B-=100
128;48;80;B-=100
129;48;81;B-=100
130;48;82;B-=100
131;48;83;B-=100
132;48;84;B-=100
133;48;85;B-=100
134;48;86;B-=100
135;48;87;B-(possible)0
96;49;47;B+(possible)0
97;49;48;B+=100
98;49;49;B+=100
99;49;50;B+=100
100;49;51;B+=100
101;49;52;B+=100
102;49;53;B+=100
103;49;54;B+=100
104;49;55;B+=100
105;49;56;B+=100
106;49;57;B+=100
107;49;58;B+=100
108;49;59;B+=100
109;49;60;B+=100
110;49;61;B+=100
111;49;62;EC=100
112;49;63;B+=62
113;49;64;IS=4.281
114;49;65;B-=99.5
115;49;66;IS=95.719
116;49;67;B-~100
117;49;68;B-=100
118;49;69;B-=100
119;49;70;B-=100
120;49;71;B-=100
121;49;72;B-=100
122;49;73;B-=100
123;49;74;B-=100
124;49;75;B-=100
125;49;76;B-=100
126;49;77;B-=100
127;49;78;B-=100
128;49;79;B-=100
129;49;80;B-=100
130;49;81;B-=100
131;49;82;B-=100
132;49;83;B-=100
133;49;84;B-=100
134;49;85;B-=100
135;49;86;B-=100
136;49;87;B-=100
137;49;88;B-=100
99;50;49;B+=100
100;50;50;B+=100
101;50;51;B+=100
102;50;52;B+=100
103;50;53;B+=100
104;50;54;B+=100
105;50;55;B+=100
106;50;56;B+=100
107;50;57;B+=100
108;50;58;B+=100
109;50;59;B+=100
110;50;60;EC=100
111;50;61;B+=100
112;50;62;IS=0.97
113;50;63;B+=100
114;50;64;IS=0.66
115;50;65;IS=0.34
116;50;66;IS=14.54
117;50;67;IS=7.68
118;50;68;IS=24.22
119;50;69;IS=8.59
120;50;70;IS=32.58
121;50;71;B-=100
122;50;72;IS=4.63
123;50;73;B-=100
124;50;74;IS=5.79
125;50;75;B-=100
126;50;76;B-=100
127;50;77;B-=100
128;50;78;B-=100
129;50;79;B-=100
130;50;80;B-=100
131;50;81;B-=100
132;50;82;B-=100
133;50;83;B-=100
134;50;84;B-=100
135;50;85;B-=100
136;50;86;B-=100
137;50;87;B-=100
138;50;88;B-=100
139;50;89;B-=100
140;50;90;B-(possible)0
102;51;51;p(possible)0
103;51;52;p(possible)0
104;51;53;B+(observed)0
105;51;54;B+=100
106;51;55;B+=100
107;51;56;B+=100
108;51;57;B+=100
109;51;58;B+=100
110;51;59;B+=100
111;51;60;B+=100
112;51;61;B+=100
113;51;62;B+=100
114;51;63;B+=100
115;51;64;B+=100
116;51;65;B+=100
117;51;66;B+=100
118;51;67;B+=100
119;51;68;EC=100
120;51;69;B+=100
121;51;70;IS=57.21
122;51;71;B-=97.59
123;51;72;IS=42.79
124;51;73;B-=100
125;51;74;B-=100
126;51;75;B-=100
127;51;76;B-=100
128;51;77;B-=100
129;51;78;B-=100
130;51;79;B-=100
131;51;80;B-=100
132;51;81;B-=100
133;51;82;B-=100
134;51;83;B-=100
135;51;84;B-=100
136;51;85;B-=100
137;51;86;B-=100
138;51;87;B-=100
139;51;88;B-=100
140;51;89;B-=100
141;51;90;B-=100
142;51;91;B-=100
104;52;52;A=100
105;52;53;A~100
106;52;54;A=100
107;52;55;A=70
108;52;56;B+=51
109;52;57;B+=96.1
110;52;58;B+~100
111;52;59;B+=100
112;52;60;B+=100
113;52;61;B+=100
114;52;62;B+=100
115;52;63;B+=100
116;52;64;B+=100
117;52;65;B+=100
118;52;66;EC=100
119;52;67;B+=100
120;52;68;IS=0.09
121;52;69;B+=100
122;52;70;IS=2.55
123;52;71;IS=0.89
124;52;72;IS=4.74
125;52;73;IS=7.07
126;52;74;IS=8.84
127;52;75;B-=100
128;52;76;IS=31.74
129;52;77;B-=100
130;52;78;IS=34.08
131;52;79;B-=100
132;52;80;B-=100
133;52;81;B-=100
134;52;82;B-=100
135;52;83;B-=100
136;52;84;B-=100
137;52;85;B-=100
138;52;86;B-=100
139;52;87;B-=100
140;52;88;B-=100
141;52;89;B-=100
142;52;90;B-=100
143;52;91;B-=100
144;52;92;B-=100
145;52;93;B-(possible)0
106;53;53;A(possible)0
107;53;54;A(possible)0
108;53;55;A~99.5
109;53;56;p=99.986
110;53;57;B+=83
111;53;58;B+~100
112;53;59;B+~100
113;53;60;B+=100
114;53;61;B+=100
115;53;62;B+=100
116;53;63;B+=100
117;53;64;B+=100
118;53;65;B+=100
119;53;66;B+=100
120;53;67;B+=100
121;53;68;B+=100
122;53;69;B+=100
123;53;70;B+=100
124;53;71;B+=100
125;53;72;EC=100
126;53;73;B+=52.7
127;53;74;IS=100
128;53;75;B-=93.1
129;53;76;B-=100
130;53;77;B-=100
131;53;78;B-=100
132;53;79;B-=100
133;53;80;B-=100
134;53;81;B-=100
135;53;82;B-=100
136;53;83;B-=100
137;53;84;B-=100
138;53;85;B-=100
139;53;86;B-=100
140;53;87;B-=100
141;53;88;B-=100
142;53;89;B-=100
143;53;90;B-=100
144;53;91;B-=100
145;53;92;B-=100
146;53;93;B-=100
147;53;94;B-(possible)0
108;54;54;A=100
109;54;55;A~100
110;54;56;A=64
111;54;57;B+=89.6
112;54;58;B+=98.8
113;54;59;B+~100
114;54;60;B+=100
115;54;61;B+=100
116;54;62;B+=100
117;54;63;B+=100
118;54;64;B+=100
119;54;65;B+=100
120;54;66;B+=100
121;54;67;B+=100
122;54;68;EC=100
123;54;69;B+=100
124;54;70;IS=0.095
125;54;71;B+=100
126;54;72;IS=0.089
127;54;73;EC=100
128;54;74;IS=1.91
129;54;75;IS=26.401
130;54;76;IS=4.071
131;54;77;IS=21.232
132;54;78;IS=26.909
133;54;79;B-=100
134;54;80;IS=10.436
135;54;81;B-=100
136;54;82;IS=8.857
137;54;83;B-=100
138;54;84;B-=100
139;54;85;B-=100
140;54;86;B-=100
141;54;87;B-=100
142;54;88;B-=100
143;54;89;B-=100
144;54;90;B-=100
145;54;91;B-=100
146;54;92;B-=100
147;54;93;B-=100
148;54;94;B-=100
149;54;95;B-(possible)0
150;54;96;B-(possible)0
111;55;56;p(possible)0
112;55;57;p~100
113;55;58;p=100
114;55;59;B+~100
115;55;60;B+=100
116;55;61;B+=100
117;55;62;B+=100
118;55;63;B+=100
119;55;64;B+=100
120;55;65;B+=100
121;55;66;B+=100
122;55;67;B+=100
123;55;68;B+=100
124;55;69;B+=100
125;55;70;B+=100
126;55;71;B+=100
127;55;72;B+=100
128;55;73;B+=100
129;55;74;B+=100
130;55;75;B+=98.4
131;55;76;EC=100
132;55;77;B+=98.13
133;55;78;IS=100
134;55;79;B-=100
135;55;80;B-=100
136;55;81;B-=100
137;55;82;B-=100
138;55;83;B-=100
139;55;84;B-=100
140;55;85;B-=100
141;55;86;B-=100
142;55;87;B-=100
143;55;88;B-=100
144;55;89;B-=100
145;55;90;B-=100
146;55;91;B-=100
147;55;92;B-=100
148;55;93;B-=100
149;55;94;B-=100
150;55;95;B-=100
151;55;96;B-=100
152;55;97;B-(possible)0
113;56;57;p(possible)0
114;56;58;B+~100
115;56;59;B+=100
116;56;60;B+=100
117;56;61;B+=100
118;56;62;B+=100
119;56;63;B+=100
120;56;64;B+=100
121;56;65;B+=100
122;56;66;B+=100
123;56;67;B+=100
124;56;68;B+=100
125;56;69;B+=100
126;56;70;B+=100
127;56;71;B+=100
128;56;72;EC=100
129;56;73;B+=100
130;56;74;IS=0.11
131;56;75;B+=100
132;56;76;IS=0.1
133;56;77;EC=100
134;56;78;IS=2.42
135;56;79;IS=6.59
136;56;80;IS=7.85
137;56;81;IS=11.23
138;56;82;IS=71.7
139;56;83;B-=100
140;56;84;B-=100
141;56;85;B-=100
142;56;86;B-=100
143;56;87;B-=100
144;56;88;B-=100
145;56;89;B-=100
146;56;90;B-=100
147;56;91;B-=100
148;56;92;B-=100
149;56;93;B-=100
150;56;94;B-=100
151;56;95;B-=100
152;56;96;B-=100
153;56;97;B-=100
154;56;98;B-=100
116;57;59;B+(possible)0
117;57;60;p~100
118;57;61;B+(possible)0
119;57;62;B+(possible)0
120;57;63;B+=100
121;57;64;B+=100
122;57;65;B+=100
123;57;66;B+=100
124;57;67;B+=100
125;57;68;B+=100
126;57;69;B+=100
127;57;70;B+=100
128;57;71;B+=100
129;57;72;B+=100
130;57;73;B+=100
131;57;74;B+=100
132;57;75;B+=100
133;57;76;B+=100
134;57;77;B+=100
135;57;78;B+=100
136;57;79;B+=100
137;57;80;EC=100
138;57;81;IS=0
139;57;82;IS=99.9
140;57;83;B-=100
141;57;84;B-=100
142;57;85;B-=100
143;57;86;B-=100
144;57;87;B-=100
145;57;88;B-=100
146;57;89;B-=100
147;57;90;B-=100
148;57;91;B-=100
149;57;92;B-=100
150;57;93;B-=100
151;57;94;B-=100
152;57;95;B-=100
153;57;96;B-=100
154;57;97;B-=100
155;57;98;B-=100
156;57;99;B-=100
157;57;100;B-(possible)0
119;58;61;B+(possible)0
120;58;62;B+(possible)0
121;58;63;B+=100
122;58;64;B+(possible)0
123;58;65;B+=100
124;58;66;B+=100
125;58;67;B+=100
126;58;68;B+=100
127;58;69;B+=100
128;58;70;B+=100
129;58;71;B+=100
130;58;72;B+=100
131;58;73;B+=100
132;58;74;B+=100
133;58;75;B+=100
134;58;76;EC=100
135;58;77;B+=100
136;58;78;IS=0.186
137;58;79;B+=100
138;58;80;IS=0.251
139;58;81;EC=100
140;58;82;IS=88.449
141;58;83;B-=100
142;58;84;IS=11.114
143;58;85;B-=100
144;58;86;B-=100
145;58;87;B-=100
146;58;88;B-=100
147;58;89;B-=100
148;58;90;B-=100
149;58;91;B-=100
150;58;92;B-=100
151;58;93;B-=100
152;58;94;B-=100
153;58;95;B-=100
154;58;96;B-=100
155;58;97;B-=100
156;58;98;B-=100
157;58;99;B-=100
158;58;100;B-=100
159;58;101;B-(possible)0
121;59;62;p~100
122;59;63;B+(possible)0
123;59;64;B+(possible)0
124;59;65;B+=100
125;59;66;B+=100
126;59;67;B+=100
127;59;68;B+=100
128;59;69;B+=100
129;59;70;B+=100
130;59;71;B+=100
131;59;72;B+=100
132;59;73;B+=100
133;59;74;B+=100
134;59;75;B+=100
135;59;76;B+=100
136;59;77;B+=100
137;59;78;B+=100
138;59;79;B+=100
139;59;80;B+=100
140;59;81;B+=100
141;59;82;IS=100
142;59;83;B-~100
143;59;84;B-=100
144;59;85;B-=100
145;59;86;B-=100
146;59;87;B-=100
147;59;88;B-=100
148;59;89;B-=100
149;59;90;B-=100
150;59;91;B-=100
151;59;92;B-=100
152;59;93;B-=100
153;59;94;B-=100
154;59;95;B-=100
155;59;96;B-=100
156;59;97;B-=100
157;59;98;B-=100
158;59;99;B-=100
159;59;100;B-=100
160;59;101;B-=100
161;59;102;B-(possible)0
124;60;64;B+(possible)0
125;60;65;B+=100
126;60;66;B+(possible)0
127;60;67;B+=100
128;60;68;B+(possible)0
129;60;69;B+=100
130;60;70;B+=100
131;60;71;B+=100
132;60;72;B+=100
133;60;73;B+=100
134;60;74;B+=100
135;60;75;B+=100
136;60;76;B+=100
137;60;77;B+=100
138;60;78;B+=100
139;60;79;B+=100
140;60;80;EC=100
141;60;81;B+=100
142;60;82;IS=27.153
143;60;83;IS=12.173
144;60;84;IS=23.798
145;60;85;IS=8.293
146;60;86;IS=17.189
147;60;87;B-=100
148;60;88;IS=5.756
149;60;89;B-=100
150;60;90;IS=5.638
151;60;91;B-=100
152;60;92;B-=100
153;60;93;B-=100
154;60;94;B-=100
155;60;95;B-=100
156;60;96;B-=100
157;60;97;B-=100
158;60;98;B-=100
159;60;99;B-=100
160;60;100;B-=100
161;60;101;B-=100
162;60;102;B-=100
163;60;103;B-(possible)0
126;61;65;B+(possible)0
127;61;66;B+(possible)0
128;61;67;B+~100
129;61;68;B+=100
130;61;69;B+=100
131;61;70;B+=100
132;61;71;B+=100
133;61;72;B+=100
134;61;73;B+=100
135;61;74;B+=100
136;61;75;B+=100
137;61;76;B+(possible)0
138;61;77;B+=100
139;61;78;B+=100
140;61;79;B+=100
141;61;80;B+=100
142;61;81;B+=100
143;61;82;EC=100
144;61;83;EC=100
145;61;84;EC=100
146;61;85;EC=66
147;61;86;B-=100
148;61;87;B-=100
149;61;88;B-=100
150;61;89;B-=100
151;61;90;B-=100
152;61;91;B-=100
153;61;92;B-=100
154;61;93;B-=100
155;61;94;B-=100
156;61;95;B-=100
157;61;96;B-=100
158;61;97;B-=100
159;61;98;B-=100
160;61;99;B-=100
161;61;100;B-=100
162;61;101;B-=100
163;61;102;B-=100
164;61;103;B-(possible)0
165;61;104;B-(possible)0
128;62;66;B+(possible)0
129;62;67;B+=100
130;62;68;B+(possible)0
131;62;69;B+=100
132;62;70;B+=100
133;62;71;B+=100
134;62;72;B+=100
135;62;73;B+=100
136;62;74;B+=100
137;62;75;B+=100
138;62;76;B+=100
139;62;77;B+=100
140;62;78;B+=100
141;62;79;B+=100
142;62;80;B+=100
143;62;81;B+=100
144;62;82;IS=3.08
145;62;83;EC=100
146;62;84;A=100
147;62;85;IS=15
148;62;86;IS=11.25
149;62;87;IS=13.82
150;62;88;IS=7.37
151;62;89;B-=100
152;62;90;IS=26.74
153;62;91;B-=100
154;62;92;IS=22.74
155;62;93;B-=100
156;62;94;B-=100
157;62;95;B-=100
158;62;96;B-=100
159;62;97;B-=100
160;62;98;B-=100
161;62;99;B-=100
162;62;100;B-=100
163;62;101;B-=100
164;62;102;B-=100
165;62;103;B-=100
166;62;104;B-=100
167;62;105;B-(possible)0
168;62;106;B-(possible)0
130;63;67;p~100
131;63;68;p=89
132;63;69;B+(possible)0
133;63;70;B+(possible)0
134;63;71;B+=100
135;63;72;B+=100
136;63;73;B+=100
137;63;74;B+=100
138;63;75;B+(possible)0
139;63;76;B+=100
140;63;77;B+=100
141;63;78;B+=100
142;63;79;B+=100
143;63;80;B+=100
144;63;81;B+=100
145;63;82;B+=100
146;63;83;B+=100
147;63;84;B+~100
148;63;85;B+=100
149;63;86;EC=100
150;63;87;B+=100
151;63;88;IS=47.81
152;63;89;B+=72.08
153;63;90;IS=52.19
154;63;91;B-=99.982
155;63;92;B-=100
156;63;93;B-=100
157;63;94;B-=100
158;63;95;B-=100
159;63;96;B-=100
160;63;97;B-=100
161;63;98;B-=100
162;63;99;B-=100
163;63;100;B-=100
164;63;101;B-=100
165;63;102;B-=100
166;63;103;B-=100
167;63;104;B-=100
168;63;105;B-=100
169;63;106;B-(possible)0
170;63;107;B-(possible)0
133;64;69;B+(possible)0
134;64;70;B+(possible)0
135;64;71;B+=100
136;64;72;B+(possible)0
137;64;73;B+=100
138;64;74;B+=100
139;64;75;B+=100
140;64;76;B+=100
141;64;77;B+=100
142;64;78;B+=100
143;64;79;B+=100
144;64;80;B+=100
145;64;81;B+=100
146;64;82;EC=100
147;64;83;B+=100
148;64;84;A=100
149;64;85;B+=100
150;64;86;A=100
151;64;87;EC=100
152;64;88;IS=0.2
153;64;89;EC=100
154;64;90;IS=2.18
155;64;91;IS=14.8
156;64;92;IS=20.47
157;64;93;IS=15.65
158;64;94;IS=24.84
159;64;95;B-=100
160;64;96;IS=21.86
161;64;97;B-=100
162;64;98;B-=100
163;64;99;B-=100
164;64;100;B-=100
165;64;101;B-=100
166;64;102;B-=100
167;64;103;B-=100
168;64;104;B-=100
169;64;105;B-=100
170;64;106;B-=100
171;64;107;B-(possible)0
172;64;108;B-(possible)0
135;65;70;p~100
136;65;71;B+(possible)0
137;65;72;p(possible)0
138;65;73;B+(possible)0
139;65;74;B+=100
140;65;75;B+=100
141;65;76;B+=100
142;65;77;B+=100
143;65;78;B+=100
144;65;79;B+=100
145;65;80;B+=100
146;65;81;B+=100
147;65;82;B+=100
148;65;83;B+=100
149;65;84;B+=83.3
150;65;85;B+~100
151;65;86;B+=99.9905
152;65;87;B+=100
153;65;88;B+=100
154;65;89;B+=100
155;65;90;EC=100
156;65;91;B+~100
157;65;92;EC=100
158;65;93;B+=83.4
159;65;94;IS=100
160;65;95;B-=100
161;65;96;B-=100
162;65;97;B-=100
163;65;98;B-=100
164;65;99;B-=100
165;65;100;B-=100
166;65;101;B-=100
167;65;102;B-=100
168;65;103;B-=100
169;65;104;B-=100
170;65;105;B-=100
171;65;106;B-=100
172;65;107;B-=100
173;65;108;B-(possible)0
174;65;109;B-(possible)0
138;66;72;B+(possible)0
139;66;73;B+=100
140;66;74;B+(possible)0
141;66;75;B+=100
142;66;76;B+=100
143;66;77;B+=100
144;66;78;B+=100
145;66;79;B+=100
146;66;80;B+=100
147;66;81;B+=100
148;66;82;B+=100
149;66;83;B+=100
150;66;84;B+=66.4
151;66;85;B+=94.4
152;66;86;EC=99.9
153;66;87;B+=99.9906
154;66;88;A=100
155;66;89;B+=100
156;66;90;IS=0.056
157;66;91;B+=100
158;66;92;IS=0.095
159;66;93;EC=100
160;66;94;IS=2.329
161;66;95;IS=18.889
162;66;96;IS=25.475
163;66;97;IS=24.896
164;66;98;IS=28.26
165;66;99;B-=100
166;66;100;B-=100
167;66;101;B-=100
168;66;102;B-=100
169;66;103;B-=100
170;66;104;B-=100
171;66;105;B-=100
172;66;106;B-=100
173;66;107;B-=100
174;66;108;B-(possible)0
175;66;109;B-(possible)0
176;66;110;B-(possible)0
140;67;73;p(observed)0
141;67;74;p~100
142;67;75;B+~100
143;67;76;B+(possible)0
144;67;77;B+=100
145;67;78;B+=100
146;67;79;B+=100
147;67;80;B+=100
148;67;81;B+=100
149;67;82;B+=100
150;67;83;B+=100
151;67;84;B+=88
152;67;85;B+=88
153;67;86;B+=99.949
154;67;87;B+=99.981
155;67;88;B+=100
156;67;89;B+=100
157;67;90;B+=100
158;67;91;B+~100
159;67;92;B+=100
160;67;93;B+=100
161;67;94;EC=100
162;67;95;B+=100
163;67;96;EC=100
164;67;97;EC=61
165;67;98;IS=100
166;67;99;B-=100
167;67;100;B-=100
168;67;101;B-=100
169;67;102;B-=100
170;67;103;B-=100
171;67;104;B-=100
172;67;105;B-=100
173;67;106;B-=100
174;67;107;B-=100
175;67;108;B-=100
176;67;109;B-(possible)0
177;67;110;B-=100
178;67;111;B-(possible)0
142;68;74;p(possible)0
143;68;75;B+(possible)0
144;68;76;B+(possible)0
145;68;77;B+=100
146;68;78;B+=100
147;68;79;B+=100
148;68;80;B+=100
149;68;81;B+=100
150;68;82;B+=100
151;68;83;B+=100
152;68;84;A=90
153;68;85;A=53
154;68;86;B+~100
155;68;87;B+=99.978
156;68;88;B+=100
157;68;89;B+=100
158;68;90;EC=100
159;68;91;B+=100
160;68;92;EC=100
161;68;93;B+=100
162;68;94;IS=0.139
163;68;95;B+=100
164;68;96;IS=1.601
165;68;97;EC=100
166;68;98;IS=33.503
167;68;99;IS=22.869
168;68;100;IS=26.978
169;68;101;B-=100
170;68;102;IS=14.91
171;68;103;B-=100
172;68;104;B-=100
173;68;105;B-=100
174;68;106;B-=100
175;68;107;B-=100
176;68;108;B-(possible)0
177;68;109;B-(possible)0
178;68;110;B-(possible)0
179;68;111;B-(possible)0
180;68;112;B-(possible)0
144;69;75;p(observed)0
145;69;76;p=100
146;69;77;p~100
147;69;78;B+=85
148;69;79;B+=100
149;69;80;B+=100
150;69;81;B+=100
151;69;82;B+=100
152;69;83;B+=100
153;69;84;A=91
154;69;85;A=54
155;69;86;B+=99.17
156;69;87;B+~100
157;69;88;B+=100
158;69;89;B+=100
159;69;90;B+=100
160;69;91;B+=100
161;69;92;B+=100
162;69;93;B+=100
163;69;94;B+=100
164;69;95;B+=100
165;69;96;B+=100
166;69;97;B+=100
167;69;98;EC=100
168;69;99;B+~100
169;69;100;IS=100
170;69;101;B-=99.869
171;69;102;B-=100
172;69;103;B-=100
173;69;104;B-=100
174;69;105;B-=100
175;69;106;B-=100
176;69;107;B-=100
177;69;108;B-=100
178;69;109;B-(possible)0
179;69;110;B-(possible)0
180;69;111;B-(possible)0
181;69;112;B-(possible)0
182;69;113;B-(possible)0
148;70;78;B+(possible)0
149;70;79;B+=100
150;70;80;B+(possible)0
151;70;81;B+=100
152;70;82;B+=100
153;70;83;B+(observed)0
154;70;84;A=92.6
155;70;85;A=89
156;70;86;B+=90
157;70;87;B+~100
158;70;88;B+~100
159;70;89;B+=100
160;70;90;B+=100
161;70;91;B+=100
162;70;92;B+=100
163;70;93;B+=100
164;70;94;EC=100
165;70;95;B+=100
166;70;96;EC=100
167;70;97;B+=100
168;70;98;IS=0.123
169;70;99;EC=100
170;70;100;IS=2.982
171;70;101;IS=14.086
172;70;102;IS=21.686
173;70;103;IS=16.103
174;70;104;IS=32.025
175;70;105;B-=100
176;70;106;IS=12.995
177;70;107;B-=100
178;70;108;B-=100
179;70;109;B-=100
180;70;110;B-=100
181;70;111;B-(possible)0
182;70;112;B-(possible)0
183;70;113;B-(possible)0
184;70;114;B-(possible)0
185;70;115;B-(possible)0
150;71;79;p~100
151;71;80;p(observed)0
152;71;81;B+=100
153;71;82;A(observed)0
154;71;83;B+(possible)0
155;71;84;A=90
156;71;85;A=100
157;71;86;B+(possible)0
158;71;87;B+=99.09
159;71;88;B+~100
160;71;89;B+=100
161;71;90;B+=100
162;71;91;B+=100
163;71;92;B+=100
164;71;93;B+=100
165;71;94;B+=100
166;71;95;B+=100
167;71;96;B+=100
168;71;97;B+=100
169;71;98;B+=100
170;71;99;B+=100
171;71;100;B+=100
172;71;101;B+=100
173;71;102;EC=100
174;71;103;B+=100
175;71;104;IS=97.401
176;71;105;IS=2.599
177;71;106;B-=100
178;71;107;B-=100
179;71;108;B-=100
180;71;109;B-=100
181;71;110;B-=100
182;71;111;B-=100
183;71;112;B-=100
184;71;113;B-=100
185;71;114;B-(possible)0
186;71;115;B-(possible)0
187;71;116;B-(possible)0
188;71;117;B-(possible)0
153;72;81;B+(possible)0
154;72;82;B+~100
155;72;83;B+~100
156;72;84;A~100
157;72;85;A=94
158;72;86;B+=55.7
159;72;87;B+=65
160;72;88;B+=99.3
161;72;89;B+=99.71
162;72;90;B+=99.992
163;72;91;B+=100
164;72;92;B+=100
165;72;93;B+=100
166;72;94;B+=100
167;72;95;B+=100
168;72;96;B+=100
169;72;97;B+=100
170;72;98;EC=100
171;72;99;B+=100
172;72;100;EC=100
173;72;101;B+=100
174;72;102;IS=0.16
175;72;103;EC=100
176;72;104;IS=5.26
177;72;105;IS=18.6
178;72;106;IS=27.28
179;72;107;IS=13.62
180;72;108;IS=35.08
181;72;109;B-=100
182;72;110;B-=100
183;72;111;B-=100
184;72;112;B-=100
185;72;113;B-=100
186;72;114;B-=100
187;72;115;B-(possible)0
188;72;116;B-(possible)0
189;72;117;B-=100
190;72;118;B-(possible)0
155;73;82;p=100
156;73;83;p=71
157;73;84;A=96.6
158;73;85;A~100
159;73;86;B+=66
160;73;87;B+(possible)0
161;73;88;B+(possible)0
162;73;89;B+=99.926
163;73;90;B+~100
164;73;91;B+=100
165;73;92;B+=100
166;73;93;B+=100
167;73;94;B+=100
168;73;95;B+=100
169;73;96;B+=100
170;73;97;B+=100
171;73;98;B+=100
172;73;99;B+=100
173;73;100;B+=100
174;73;101;B+=100
175;73;102;B+=100
176;73;103;B+=100
177;73;104;B+=100
178;73;105;B+=100
179;73;106;EC=100
180;73;107;EC=85
181;73;108;IS=99.988
182;73;109;B-=100
183;73;110;B-=100
184;73;111;B-=100
185;73;112;B-=100
186;73;113;B-=100
187;73;114;B-=100
188;73;115;B-=100
189;73;116;B-=100
190;73;117;B-=100
191;73;118;B-(possible)0
192;73;119;B-=100
193;73;120;B-(possible)0
194;73;121;B-(possible)0
157;74;83;B+=100
158;74;84;A=100
159;74;85;A~100
160;74;86;A=87
161;74;87;A=73
162;74;88;B+(possible)0
163;74;89;B+(possible)0
164;74;90;B+=96.2
165;74;91;B+=100
166;74;92;B+=99.965
167;74;93;B+=99.96
168;74;94;B+~100
169;74;95;B+=100
170;74;96;B+=100
171;74;97;B+=100
172;74;98;B+=100
173;74;99;B+=100
174;74;100;B+=100
175;74;101;B+=100
176;74;102;EC=100
177;74;103;B+=100
178;74;104;EC=100
179;74;105;B+=100
180;74;106;IS=0.12
181;74;107;EC=100
182;74;108;IS=26.5
183;74;109;IS=14.31
184;74;110;IS=30.64
185;74;111;B-=100
186;74;112;IS=28.43
187;74;113;B-=100
188;74;114;B-=100
189;74;115;B-=100
190;74;116;B-=100
191;74;117;B-(possible)0
192;74;118;B-(possible)0
193;74;119;B-(possible)0
194;74;120;B-(possible)0
195;74;121;B-(possible)0
196;74;122;B-(possible)0
197;74;123;B-(possible)0
159;75;84;p(possible)0
160;75;85;p=89
161;75;86;p~100
162;75;87;A=94
163;75;88;B+(possible)0
164;75;89;A(observed)0
165;75;90;B+=86
166;75;91;B+=88
167;75;92;A~100
168;75;93;B+~100
169;75;94;B+(observed)0
170;75;95;B+=100
171;75;96;B+=100
172;75;97;B+=100
173;75;98;B+=100
174;75;99;B+=100
175;75;100;B+=100
176;75;101;B+=100
177;75;102;B+=100
178;75;103;B+=100
179;75;104;B+=100
180;75;105;B+=100
181;75;106;B+=100
182;75;107;B+=100
183;75;108;EC=100
184;75;109;B+=100
185;75;110;IS=37.4
186;75;111;B-=92.53
187;75;112;IS=62.6
188;75;113;B-=100
189;75;114;B-=100
190;75;115;B-=100
191;75;116;B-=100
192;75;117;B-=100
193;75;118;B-(possible)0
194;75;119;B-=100
195;75;120;B-=100
196;75;121;B-(possible)0
197;75;122;B-(possible)0
198;75;123;B-(possible)0
199;75;124;B-(possible)0
161;76;85;A~100
162;76;86;A=100
163;76;87;A~100
164;76;88;A=96
165;76;89;A=90
166;76;90;A=83
167;76;91;A=51
168;76;92;B+=57
169;76;93;B+=86.3
170;76;94;B+=90.5
171;76;95;B+(possible)0
172;76;96;B+=98.81
173;76;97;B+=99.6
174;76;98;B+~100
175;76;99;B+=100
176;76;100;B+=100
177;76;101;B+=100
178;76;102;B+=100
179;76;103;B+=100
180;76;104;B+=100
181;76;105;B+=100
182;76;106;EC=100
183;76;107;B+=100
184;76;108;IS=0.02
185;76;109;EC=100
186;76;110;IS=1.59
187;76;111;IS=1.96
188;76;112;IS=13.24
189;76;113;IS=16.15
190;76;114;IS=26.26
191;76;115;B-=100
192;76;116;IS=40.78
193;76;117;B-=100
194;76;118;B-=100
195;76;119;B-=100
196;76;120;B-=100
197;76;121;B-=100
198;76;122;B-=100
199;76;123;B-=100
200;76;124;B-=100
201;76;125;B-(possible)0
202;76;126;B-(possible)0
203;76;127;B-(possible)0
163;77;86;p(possible)0
164;77;87;p(possible)0
165;77;88;p(possible)0
166;77;89;A=93
167;77;90;A=43.5
168;77;91;A~100
169;77;92;A=53
170;77;93;B+(possible)0
171;77;94;B+(possible)0
172;77;95;B+~98
173;77;96;B+=96.5
174;77;97;B+=99.5
175;77;98;B+=99.15
176;77;99;B+=96.9
177;77;100;B+~100
178;77;101;B+=100
179;77;102;B+=100
180;77;103;B+=100
181;77;104;B+=100
182;77;105;B+=100
183;77;106;B+~100
184;77;107;B+=100
185;77;108;B+=100
186;77;109;B+=100
187;77;110;B+=100
188;77;111;B+=100
189;77;112;EC=100
190;77;113;B+=100
191;77;114;IS=37.3
192;77;115;B-=95.24
193;77;116;IS=62.7
194;77;117;B-=100
195;77;118;B-=100
196;77;119;B-=100
197;77;120;B-=100
198;77;121;B-=100
199;77;122;B-=100
200;77;123;B-=100
201;77;124;B-=100
202;77;125;B-=100
203;77;126;B-(possible)0
204;77;127;B-(possible)0
205;77;128;B-(possible)0
165;78;87;A=100
166;78;88;A=100
167;78;89;A=100
168;78;90;A~100
169;78;91;A~100
170;78;92;A~100
171;78;93;A=86
172;78;94;A=96
173;78;95;A=86
174;78;96;A=74.9
175;78;97;A=64
176;78;98;B+(possible)0
177;78;99;B+=94.3
178;78;100;B+=92.3
179;78;101;B+~100
180;78;102;B+=99.48
181;78;103;B+~100
182;78;104;B+=0.962
183;78;105;B+~100
184;78;106;B+~100
185;78;107;B+~100
186;78;108;B+=100
187;78;109;B+=100
188;78;110;EC=100
189;78;111;B+=100
190;78;112;IS=0.012
191;78;113;EC=100
192;78;114;IS=0.782
193;78;115;EC=100
194;78;116;IS=32.864
195;78;117;IS=33.775
196;78;118;IS=25.211
197;78;119;B-=100
198;78;120;IS=7.356
199;78;121;B-=100
200;78;122;B-=100
201;78;123;B-=100
202;78;124;B-=100
203;78;125;B-=100
204;78;126;B-=100
205;78;127;B-(possible)0
206;78;128;B-(possible)0
207;78;129;B-(possible)0
208;78;130;B-(possible)0
168;79;89;p(possible)0
169;79;90;p(possible)0
170;79;91;p=89
171;79;92;p~100
172;79;93;A~100
173;79;94;A=86
174;79;95;A=90
175;79;96;A=88
176;79;97;A=75
177;79;98;A=40
178;79;99;B+=84
179;79;100;B+=78
180;79;101;B+=99.42
181;79;102;B+=97.3
182;79;103;B+~100
183;79;104;B+=99.45
184;79;105;B+~100
185;79;106;B+=99.74
186;79;107;B+=100
187;79;108;B+~100
188;79;109;B+=100
189;79;110;B+=100
190;79;111;B+=100
191;79;112;B+=100
192;79;113;B+=100
193;79;114;B+=100
194;79;115;B+=100
195;79;116;EC=100
196;79;117;B+=93
197;79;118;IS=100
198;79;119;B-=100
199;79;120;B-=100
200;79;121;B-=100
201;79;122;B-=100
202;79;123;B-=100
203;79;124;B-=100
204;79;125;B-=100
205;79;126;B-=100
206;79;127;B-=100
207;79;128;B-(possible)0
208;79;129;B-(possible)0
209;79;130;B-(possible)0
210;79;131;B-(possible)0
170;80;90;A=100
171;80;91;A~100
172;80;92;A~100
173;80;93;A=100
174;80;94;A~100
175;80;95;A~100
176;80;96;A=90
177;80;97;A~100
178;80;98;A=89
179;80;99;A=75
180;80;100;B+=52
181;80;101;B+=73
182;80;102;B+=86.2
183;80;103;B+=88.3
184;80;104;B+=98.89
185;80;105;B+=94
186;80;106;B+~100
187;80;107;B+=100
188;80;108;B+=100
189;80;109;B+=100
190;80;110;B+=100
191;80;111;B+=100
192;80;112;EC=100
193;80;113;B+=100
194;80;114;EC=100
195;80;115;B+=100
196;80;116;IS=0.15
197;80;117;EC=100
198;80;118;IS=10.04
199;80;119;IS=16.94
200;80;120;IS=23.14
201;80;121;IS=13.17
202;80;122;IS=29.74
203;80;123;B-=100
204;80;124;IS=6.82
205;80;125;B-=100
206;80;126;B-=100
207;80;127;B-=100
208;80;128;B-=100
209;80;129;B-=100
210;80;130;B-=100
211;80;131;B-=100
212;80;132;B-(possible)0
213;80;133;B-(possible)0
214;80;134;B-(possible)0
215;80;135;B-(possible)0
216;80;136;B-(possible)0
176;81;95;p~100
177;81;96;A=73
178;81;97;A=62
179;81;98;A=60
180;81;99;B+=93
181;81;100;B+(possible)0
182;81;101;B+~100
183;81;102;B+(observed)0
184;81;103;B+=98.78
185;81;104;B+~100
186;81;105;B+(possible)0
187;81;106;B+~100
188;81;107;B+=100
189;81;108;B+=100
190;81;109;B+=100
191;81;110;B+(possible)0
192;81;111;B+=100
193;81;112;B+=100
194;81;113;B+=100
195;81;114;B+=100
196;81;115;B+=100
197;81;116;B+=100
198;81;117;B+=100
199;81;118;B+=100
200;81;119;B+=100
201;81;120;EC=100
202;81;121;EC=100
203;81;122;IS=29.515
204;81;123;B-=97.08
205;81;124;IS=70.485
206;81;125;B-=100
207;81;126;B-=100
208;81;127;B-=100
209;81;128;B-=100
210;81;129;B-=100
211;81;130;B-=100
212;81;131;B-=100
213;81;132;B-=100
214;81;133;B-=100
215;81;134;B-=100
216;81;135;B-=100
217;81;136;B-(possible)0
218;81;137;B-(possible)0
178;82;96;A~100
179;82;97;A=100
180;82;98;A=100
181;82;99;A~100
182;82;100;A~100
183;82;101;A~100
184;82;102;A=80
185;82;103;B+=66
186;82;104;B+(possible)0
187;82;105;B+=90.5
188;82;106;B+=91.5
189;82;107;B+=99.58
190;82;108;B+=99.6
191;82;109;B+~100
192;82;110;B+~100
193;82;111;B+(observed)0
194;82;112;B+=100
195;82;113;B+=100
196;82;114;B+=100
197;82;115;B+=100
198;82;116;B+=100
199;82;117;B+=100
200;82;118;EC=100
201;82;119;B+=100
202;82;120;EC=100
203;82;121;EC=100
204;82;122;IS=1.4
205;82;123;EC=100
206;82;124;IS=24.1
207;82;125;IS=22.1
208;82;126;IS=52.4
209;82;127;B-=100
210;82;128;B-=100
211;82;129;B-=100
212;82;130;B-=100
213;82;131;B-=100
214;82;132;B-=100
215;82;133;B-=100
216;82;134;B-=100
217;82;135;B-=100
218;82;136;B-=100
219;82;137;B-(possible)0
220;82;138;B-(possible)0
184;83;101;A=100
185;83;102;p(possible)0
186;83;103;A~100
187;83;104;A=100
188;83;105;A~100
189;83;106;A~100
190;83;107;A=77
191;83;108;A=51
192;83;109;B+=88
193;83;110;B+=96.5
194;83;111;B+~100
195;83;112;B+~100
196;83;113;B+~100
197;83;114;B+=100
198;83;115;B+=100
199;83;116;B+=100
200;83;117;B+=100
201;83;118;B+=100
202;83;119;B+=100
203;83;120;B+=100
204;83;121;B+=100
205;83;122;B+=100
206;83;123;B+=100
207;83;124;B+=100
208;83;125;B+=100
209;83;126;IS=100
210;83;127;B-=100
211;83;128;A~100
212;83;129;B-=64.06
213;83;130;B-=97.91
214;83;131;B-=99.979
215;83;132;B-=100
216;83;133;B-=100
217;83;134;B-=100
218;83;135;B-=100
219;83;136;B-=100
220;83;137;B-=100
221;83;138;B-(possible)0
222;83;139;B-(possible)0
223;83;140;B-(possible)0
224;83;141;B-(possible)0
186;84;102;A~100
187;84;103;A~100
188;84;104;A~100
189;84;105;A~100
190;84;106;A=100
191;84;107;A~100
192;84;108;A~100
193;84;109;A~100
194;84;110;A~100
195;84;111;A=94
196;84;112;A=94
197;84;113;B+(possible)0
198;84;114;A=57
199;84;115;B+=92.5
200;84;116;B+=88.9
201;84;117;B+=98.87
202;84;118;B+=98.08
203;84;119;B+=99.89
204;84;120;B+=99.33
205;84;121;B+=99.96
206;84;122;B+=94.55
207;84;123;B+~100
208;84;124;A~100
209;84;125;A=99.546
210;84;126;A=100
211;84;127;A=100
212;84;128;A=100
213;84;129;A=100
214;84;130;A=100
215;84;131;A=100
216;84;132;A=100
217;84;133;A=97.5
218;84;134;A=99.98
219;84;135;B-=71.8
220;84;136;B-(possible)0
221;84;137;B-=100
222;84;138;B-=100
223;84;139;B-(possible)0
224;84;140;B-(possible)0
225;84;141;B-(possible)0
226;84;142;B-(possible)0
227;84;143;B-(possible)0
191;85;106;A~100
192;85;107;A=100
193;85;108;A~100
194;85;109;A~100
195;85;110;A~100
196;85;111;A=97.5
197;85;112;A=96.1
198;85;113;A~97
199;85;114;A=89
200;85;115;A=52
201;85;116;A=71
202;85;117;B+=88
203;85;118;B+=69
204;85;119;B+=96.2
205;85;120;B+=90
206;85;121;B+=99.1
207;85;122;B+~90
208;85;123;B+=99.45
209;85;124;B+=96.1
210;85;125;B+=99.825
211;85;126;EC=58.2
212;85;127;A~100
213;85;128;A=100
214;85;129;A=100
215;85;130;A=100
216;85;131;A~100
217;85;132;A=99.992
218;85;133;A~100
219;85;134;A=93.6
220;85;135;B-=92
221;85;136;B-=100
222;85;137;B-=100
223;85;138;B-~100
224;85;139;B-=100
225;85;140;B-(possible)0
226;85;141;B-(possible)0
227;85;142;B-(possible)0
228;85;143;B-(possible)0
229;85;144;B-(possible)0
193;86;107;A~100
194;86;108;A~100
195;86;109;A=100
196;86;110;A~100
197;86;111;A~100
198;86;112;A=93
199;86;113;A~100
200;86;114;A=92
201;86;115;A(observed)0
202;86;116;A=78
203;86;117;A=66
204;86;118;A=72.4
205;86;119;B+=75.4
206;86;120;A=62
207;86;121;B+=79
208;86;122;A=62
209;86;123;B+=83
210;86;124;A=96
211;86;125;B+=72.6
212;86;126;A=100
213;86;127;A=100
214;86;128;A=100
215;86;129;A=100
216;86;130;A=100
217;86;131;A=100
218;86;132;A=100
219;86;133;A=100
220;86;134;A=100
221;86;135;B-=78
222;86;136;A=100
223;86;137;B-=100
224;86;138;B-=100
225;86;139;B-=100
226;86;140;B-=100
227;86;141;B-=100
228;86;142;B-=100
229;86;143;B-=100
230;86;144;B-(possible)0
231;86;145;B-(possible)0
197;87;110;A~100
198;87;111;A~100
199;87;112;A~100
200;87;113;A=100
201;87;114;A~100
202;87;115;A~100
203;87;116;A~100
204;87;117;A=96
205;87;118;A=98.5
206;87;119;A=88.4
207;87;120;A=95
208;87;121;A=89
209;87;122;A=89
210;87;123;A=71
211;87;124;A=87
212;87;125;B+=57
213;87;126;A=99.44
214;87;127;A=100
215;87;128;A=100
216;87;129;A=100
217;87;130;A=100
218;87;131;A=100
219;87;132;A=100
220;87;133;A~100
221;87;134;A~100
222;87;135;B-=100
223;87;136;B-~100
224;87;137;B-=100
225;87;138;B-=100
226;87;139;B-=100
227;87;140;B-=100
228;87;141;B-=100
229;87;142;B-=100
230;87;143;B-=100
231;87;144;B-=100
232;87;145;B-=100
233;87;146;B-=100
201;88;113;A=100
202;88;114;A=100
203;88;115;A~100
204;88;116;A~100
205;88;117;A~100
206;88;118;A~100
207;88;119;A~86
208;88;120;A=87
209;88;121;A~100
210;88;122;A~100
211;88;123;A~100
212;88;124;A(observed)0
213;88;125;A=87
214;88;126;A=99.941
215;88;127;A=100
216;88;128;A=100
217;88;129;A=100
218;88;130;A=100
219;88;131;A=100
220;88;132;A=100
221;88;133;A=100
222;88;134;A=100
223;88;135;A=100
224;88;136;A=100
225;88;137;B-=100
226;88;138;A=100
227;88;139;B-=100
228;88;140;B-=100
229;88;141;B-=100
230;88;142;B-=100
231;88;143;B-=100
232;88;144;B-=100
233;88;145;B-=100
234;88;146;B-=100
235;88;147;B-(possible)0
205;89;116;A~100
206;89;117;A~100
207;89;118;A~100
208;89;119;A~100
209;89;120;A~100
210;89;121;A~100
211;89;122;A~100
212;89;123;A~100
213;89;124;A~100
214;89;125;A=93
215;89;126;A~100
216;89;127;A=100
217;89;128;A~100
218;89;129;A=100
219;89;130;A=100
220;89;131;A=100
221;89;132;A=100
222;89;133;A=99
223;89;134;A~99
224;89;135;B+=90.5
225;89;136;A=100
226;89;137;B-=83
227;89;138;B-=98.62
228;89;139;B-=100
229;89;140;B-=100
230;89;141;B-=100
231;89;142;B-=100
232;89;143;B-=100
233;89;144;B-=100
234;89;145;B-=100
235;89;146;B-=100
236;89;147;B-=100
237;89;148;B-(possible)0
208;90;118;A~100
209;90;119;A(possible)0
210;90;120;A~100
211;90;121;A~100
212;90;122;A~100
213;90;123;A~100
214;90;124;A~100
215;90;125;A=100
216;90;126;A~100
217;90;127;A=100
218;90;128;A=100
219;90;129;A=100
220;90;130;A=100
221;90;131;A=100
222;90;132;A=100
223;90;133;A=100
224;90;134;A=100
225;90;135;A~90
226;90;136;A=100
227;90;137;A=100
228;90;138;A=100
229;90;139;A=100
230;90;140;IS=0.02
231;90;141;B-=100
232;90;142;IS=99.98
233;90;143;B-=100
234;90;144;B-=100
235;90;145;B-=100
236;90;146;B-=100
237;90;147;B-=100
238;90;148;B-=100
239;90;149;B-(possible)0
211;91;120;A~100
212;91;121;A=100
213;91;122;A=100
214;91;123;A~100
215;91;124;A=100
216;91;125;A~100
217;91;126;A=100
218;91;127;A=100
219;91;128;A=100
220;91;129;A=100
221;91;130;A=100
222;91;131;A=100
223;91;132;A=100
224;91;133;A~100
225;91;134;A=100
226;91;135;A=74
227;91;136;A=85
228;91;137;B+=98.15
229;91;138;EC=99.51
230;91;139;B+=92.2
231;91;140;IS=100
232;91;141;B-~100
233;91;142;B-=100
234;91;143;B-=100
235;91;144;B-=100
236;91;145;B-=100
237;91;146;B-=100
238;91;147;B-=100
239;91;148;B-=100
240;91;149;B-(possible)0
241;91;150;B-(possible)0
215;92;123;A(observed)0
216;92;124;A=100
217;92;125;A~100
218;92;126;A=100
219;92;127;A=100
220;92;128;A(possible)0
221;92;129;A~100
222;92;130;A=100
223;92;131;A=100
224;92;132;A=100
225;92;133;A=100
226;92;134;A=100
227;92;135;A=100
228;92;136;A=97.5
229;92;137;B+~80
230;92;138;A=100
231;92;139;EC~100
232;92;140;A=100
233;92;141;A=100
234;92;142;IS=0.0054
235;92;143;IS=0.7204
236;92;144;A=100
237;92;145;B-=100
238;92;146;IS=99.2742
239;92;147;B-=100
240;92;148;B-=100
241;92;149;B-(possible)0
242;92;150;B-=100
243;92;151;B-(possible)0
219;93;126;A=100
220;93;127;A=100
221;93;128;A(possible)0
222;93;129;A=100
223;93;130;A=100
224;93;131;A=100
225;93;132;A=100
226;93;133;A=100
227;93;134;A~100
228;93;135;EC=59
229;93;136;A=68
230;93;137;B+<97
231;93;138;B+=98
232;93;139;B+~100
233;93;140;B+~100
234;93;141;B+=100
235;93;142;EC=99.9974
236;93;143;EC=86.3
237;93;144;A=100
238;93;145;B-=100
239;93;146;B-=100
240;93;147;B-=100
241;93;148;B-=100
242;93;149;B-=100
243;93;150;B-=100
244;93;151;B-=100
245;93;152;B-(possible)0
221;94;127;A(possible)0
222;94;128;A(possible)0
223;94;129;A(possible)0
224;94;130;A(possible)0
225;94;131;A(possible)0
226;94;132;A(possible)0
227;94;133;A(possible)0
228;94;134;A~100
229;94;135;A~50
230;94;136;A~100
231;94;137;B+(possible)0
232;94;138;EC(observed)0
233;94;139;B+~100
234;94;140;EC~94
235;94;141;B+=99.9972
236;94;142;A=100
237;94;143;EC=99.9958
238;94;144;A=100
239;94;145;A=100
240;94;146;A=100
241;94;147;B-~100
242;94;148;A=100
243;94;149;B-=100
244;94;150;A=99.877
245;94;151;B-=100
246;94;152;B-=100
247;94;153;B-=100
223;95;128;A~100
224;95;129;A(possible)0
225;95;130;A(possible)0
226;95;131;A(possible)0
227;95;132;A(possible)0
228;95;133;A(possible)0
229;95;134;A~100
230;95;135;B+~100
231;95;136;B+(possible)0
232;95;137;B+~97
233;95;138;B+(possible)0
234;95;139;B+~100
235;95;140;B+=99.6
236;95;141;B+~100
237;95;142;B+=99.975
238;95;143;B+=100
239;95;144;EC=99.99
240;95;145;B+=100
241;95;146;A=100
242;95;147;B-=82.7
243;95;148;A=100
244;95;149;B-=100
245;95;150;B-=100
246;95;151;B-=100
247;95;152;B-=100
248;95;153;B-(possible)0
249;95;154;B-(possible)0
231;96;135;B+(possible)0
232;96;136;B+(possible)0
233;96;137;A=20
234;96;138;B+~71
235;96;139;B+(possible)0
236;96;140;B+=82
237;96;141;B+(possible)0
238;96;142;EC(possible)0
239;96;143;B+~100
240;96;144;A~100
241;96;145;EC=99
242;96;146;A=100
243;96;147;A~100
244;96;148;A=100
245;96;149;A=100
246;96;150;A=99.9738
247;96;151;A=100
248;96;152;A=91.61
249;96;153;B-=100
250;96;154;SF~74
251;96;155;B-=100
252;96;156;B-(possible)0
233;97;136;A~82
234;97;137;A>80
235;97;138;B+(possible)0
236;97;139;B+~100
237;97;140;B+(possible)0
238;97;141;B+~100
239;97;142;B+~100
240;97;143;B+(possible)0
241;97;144;B+(observed)0
242;97;145;B+~100
243;97;146;B+~100
244;97;147;B+(possible)0
245;97;148;EC=99.88
246;97;149;B+~100
247;97;150;A~100
248;97;151;A(possible)0
249;97;152;B-~100
250;97;153;B-=100
251;97;154;B-=100
252;97;155;B-(observed)0
253;97;156;B-(possible)0
254;97;157;B-(possible)0
237;98;139;A=70
238;98;140;SF=97.5
239;98;141;A=65
240;98;142;A=98.5
241;98;143;B+(possible)0
242;98;144;A=61
243;98;145;B+~86
244;98;146;A=75
245;98;147;B+=64.7
246;98;148;A=100
247;98;149;EC=99.965
248;98;150;A~100
249;98;151;A=100
250;98;152;A=99.923
251;98;153;A~100
252;98;154;A=96.8972
253;98;155;B-=99.69
254;98;156;SF=99.69
255;98;157;B-=100
256;98;158;SF=100
239;99;140;A(possible)0
240;99;141;A=70
241;99;142;A~100
242;99;143;A=57
243;99;144;A=61
244;99;145;B+=95
245;99;146;B+=51
246;99;147;B+=90.1
247;99;148;B+~93
248;99;149;B+~100
249;99;150;B+~100
250;99;151;B+~100
251;99;152;EC=99.5
252;99;153;A=78
253;99;154;A=100
254;99;155;A~100
255;99;156;B-=92
256;99;157;B-~100
257;99;158;B-=100
258;99;159;B-(possible)0
241;100;141;SF(observed)0
242;100;142;SF~100
243;100;143;A=91
244;100;144;SF>97
245;100;145;A~100
246;100;146;A=93.2
247;100;147;A~64
248;100;148;A~100
249;100;149;B+(possible)0
250;100;150;A~100
251;100;151;B+=98.2
252;100;152;A~100
253;100;153;EC=88
254;100;154;A=99.9408
255;100;155;A=100
256;100;156;SF=91.9
257;100;157;A=99.79
258;100;158;SF~100
259;100;159;SF=100
260;100;160;SF(possible)0
244;101;143;A~100
245;101;144;A~100
246;101;145;A=100
247;101;146;A~100
248;101;147;B+=80
249;101;148;A=75
250;101;149;B+=93
251;101;150;B+(possible)0
252;101;151;B+~100
253;101;152;B+~100
254;101;153;B+~100
255;101;154;B+=93
256;101;155;B+=90.8
257;101;156;EC=85
258;101;157;A~100
259;101;158;SF~100
260;101;159;SF~100
261;101;160;A(possible)0
262;101;161;SF(possible)0
248;102;146;SF(possible)0
249;102;147;B+(possible)0
250;102;148;SF~100
251;102;149;A=83
252;102;150;A=67.6
253;102;151;A=55
254;102;152;A=90
255;102;153;B+=70
256;102;154;A=99.45
257;102;155;A=85
258;102;156;SF~100
259;102;157;A=75
260;102;158;SF=100
261;102;159;A(possible)0
262;102;160;SF=100
263;102;161;A(possible)0
264;102;162;A(possible)0
251;103;148;B+(possible)0
252;103;149;A~98
253;103;150;A=90
254;103;151;A=71.7
255;103;152;A=99.7
256;103;153;A=85
257;103;154;A~100
258;103;155;A=97.4
259;103;156;A=78
260;103;157;A=80
261;103;158;SF~100
262;103;159;B+(observed)0
263;103;160;A(possible)0
264;103;161;A(possible)0
265;103;162;A(possible)0
266;103;163;SF=100
253;104;149;SF~100
254;104;150;SF~100
255;104;151;A=52.8
256;104;152;SF=99.69
257;104;153;A=89.3
258;104;154;SF=95.1
259;104;155;A=85
260;104;156;SF~100
261;104;157;SF=82
262;104;158;SF~100
263;104;159;SF~100
264;104;160;A(possible)0
265;104;161;SF~100
266;104;162;A(possible)0
267;104;163;SF=100
268;104;164;A(possible)0
255;105;150;SF~67
256;105;151;A=70
257;105;152;A>94
258;105;153;A=64
259;105;154;A=100
260;105;155;A=90.4
261;105;156;SF=73
262;105;157;SF=52
263;105;158;SF=56
264;105;159;A(possible)0
265;105;160;A(possible)0
266;105;161;A(possible)0
267;105;162;SF=100
268;105;163;SF~100
269;105;164;A(possible)0
270;105;165;SF~87
258;106;152;SF~100
259;106;153;A~100
260;106;154;SF=71
261;106;155;A=98.1
262;106;156;SF=94
263;106;157;A=87
264;106;158;SF>80
265;106;159;A>50
266;106;160;SF>90
267;106;161;SF=83
268;106;162;A(possible)0
269;106;163;A~100
270;106;164;A(possible)0
271;106;165;A=42
272;106;166;A(possible)0
273;106;167;SF(possible)0
260;107;153;A~100
261;107;154;A~100
262;107;155;A~100
263;107;156;A(possible)0
264;107;157;A~86
265;107;158;A(observed)0
266;107;159;A~100
267;107;160;A=100
268;107;161;A(possible)0
269;107;162;A(possible)0
270;107;163;A=100
271;107;164;A=100
272;107;165;A~100
273;107;166;A(possible)0
274;107;167;A=100
275;107;168;SF(possible)0
276;107;169;A(possible)0
277;107;170;A(possible)0
278;107;171;SF~100
263;108;155;A~100
264;108;156;A=70
265;108;157;A~100
266;108;158;A=76
267;108;159;A>80
268;108;160;A~100
269;108;161;A=100
270;108;162;A~100
271;108;163;A(possible)0
272;108;164;A(possible)0
273;108;165;A~100
274;108;166;A(possible)0
275;108;167;A=100
276;108;168;A(possible)0
277;108;169;SF~100
278;108;170;SF~100
279;108;171;A(possible)0
280;108;172;A(possible)0
265;109;156;A(possible)0
266;109;157;A~100
267;109;158;A(possible)0
268;109;159;A=100
269;109;160;A(possible)0
270;109;161;A~100
271;109;162;A(possible)0
272;109;163;A(possible)0
273;109;164;A(possible)0
274;109;165;A=100
275;109;166;A=100
276;109;167;A=100
277;109;168;SF=100
278;109;169;A=100
279;109;170;A(possible)0
280;109;171;A(possible)0
281;109;172;A(possible)0
282;109;173;A~100
267;110;157;A=100
268;110;158;A(possible)0
269;110;159;A=100
270;110;160;A~100
271;110;161;SF=75
272;110;162;SF(possible)0
273;110;163;A~100
274;110;164;A(possible)0
275;110;165;A(possible)0
276;110;166;A(possible)0
277;110;167;A~100
278;110;168;A(possible)0
279;110;169;SF=88
280;110;170;SF=100
281;110;171;SF=90
282;110;172;A~100
283;110;173;A(possible)0
284;110;174;A(possible)0
272;111;161;A=100
273;111;162;A(possible)0
274;111;163;A~100
275;111;164;A(possible)0
276;111;165;A(possible)0
277;111;166;A(possible)0
278;111;167;A=100
279;111;168;A=100
280;111;169;A=100
281;111;170;SF=87
282;111;171;A=100
283;111;172;A(possible)0
284;111;173;A(possible)0
285;111;174;A(possible)0
286;111;175;A~100
276;112;164;A(possible)0
277;112;165;A=100
278;112;166;A(possible)0
279;112;167;A(possible)0
280;112;168;A(possible)0
281;112;169;A~100
282;112;170;SF~100
283;112;171;A=81
284;112;172;SF=100
285;112;173;A=100
286;112;174;A~100
287;112;175;A(possible)0
288;112;176;A(possible)0
278;113;165;A~100
279;113;166;A(possible)0
280;113;167;A(possible)0
281;113;168;A(possible)0
282;113;169;A=100
283;113;170;A=100
284;113;171;A=100
285;113;172;A=100
286;113;173;A=100
287;113;174;A(possible)0
288;113;175;A(possible)0
289;113;176;A(possible)0
290;113;177;A~100
284;114;170;SF~100
285;114;171;A~100
286;114;172;A=59
287;114;173;A~100
288;114;174;A~100
289;114;175;A~100
290;114;176;A~100
291;114;177;A(possible)0
287;115;172;A=100
288;115;173;A=100
289;115;174;A=100
290;115;175;A=100
291;115;176;A(possible)0
292;115;177;A(possible)0
289;116;173;A(possible)0
290;116;174;A~100
291;116;175;A~100
292;116;176;A~100
293;116;177;A~100
291;117;174;A(possible)0
292;117;175;A(possible)0
293;117;176;A=100
294;117;177;A=100
293;118;175;A(possible)0
294;118;176;A~100
295;118;177;A~100
